Distance_AU,P_r_1AU_dBm,P_r_1AU_W,P_r_50AU_dBm,P_r_50AU_W
1,-105.7,2.7063283141491306e-14,,
50,,,2834.3,2.706328314149131e+280
