Hops,P_r_dBm,P_r_W,Margin_dB,Req_G_amp_dB
1,-102.4,5.80788776959431e-17,-12.4,145.4
100,-102.4,5.80788776959431e-17,-12.4,145.4
