Dose_krad,Loss_min_pct,Loss_max_pct
0,0.0,0.0
10,1.4888060396937353,2.4690087971667385
50,7.225651367144714,11.750309741540455
100,13.92920235749422,22.119921692859513
