Distance_AU,P_r_1AU_dBm,P_r_1AU_W,P_r_50AU_dBm,P_r_50AU_W
1,-84.68649514424476,3.398994685760688e-12,-3122.6864951477983,5.38704353e-316
