Dose_krad,Swelling_pct
10,8.225170731707318e+23
100,8.225170731707317e+24
