Dose_krad,Swelling_pct
0,0.0
10,0.041999999999999996
50,0.20999999999999996
100,0.41999999999999993
